[{
    "tipo":"AUTOMÓVIL",
    "modelo":"ALFA ROMEO 1.8",
    "dominio": "AA078DD",
    "valuacion": "2220000",
    "anio": "2015",
    "valor": "",
    "isTransferSeguro" : false
},
{
    "tipo":"AUTOMÓVIL",
    "modelo":"RENAULT MEGANE 2.0",
    "dominio": "AA088FL",
    "valuacion": "2290000",
    "anio": "2015",
    "valor": "",
    "isTransferSeguro" : false
},
{
    "tipo":"AUTOMÓVIL",
    "modelo":"VOLKSWAGEN SEDAN 5 PUERTAS SURAN 1.6 5D 060",
    "dominio": "AA058ER",
    "valuacion": "252000",
    "anio": "2015",
    "valor": "",
    "isTransferSeguro": false
},
{
    "tipo":"",
    "modelo":"",
    "dominio": "AA098ER",
    "valuacion": "",
    "anio": "",
    "valor": "",
    "isTransferSeguro": false
}
]