[
    { "value": null, "text": "Seleccione el tipo del automotor" },
    { "value": "AUTOMÓVIL", "text": "AUTOMÓVIL" },
    { "value": "CAMIONETA, RURAL, JEEP", "text": "CAMIONETA, RURAL, JEEP" },
    { "value": "FURGON", "text": "FURGON" },
    { "value": "COLECTIVO", "text": "COLECTIVO"},
    { "value": "OMNIBUS", "text": "OMNIBUS"},
    { "value": "MINIBUS", "text": "MINIBUS"},
    { "value": "CAMION incluye TRACTORES", "text": "CAMION incluye TRACTORES"},
    { "value": "ACOPLADO", "text": "ACOPLADO"},
    { "value": "SEMIREMOLQUE", "text": "SEMIREMOLQUE"},
    { "value": "MOTOVEHICULOS", "text": "MOTOVEHICULOS"},
    { "value": "CASA RODANTE (remolcada o autopropulsada)", "text": "CASA RODANTE (remolcada o autopropulsada)"}
]