 [
    {
        "id": 1,
        "name": "Tilet, Rodolfo",
        "cuit":"20114789448",
        "titularidad": null,
        "transferencia": null,
        "adquirencia": null,
        "emitirCertificado": false,
        "email":""
    },
    {
        "id": 2,
        "name": "Soria, Florencia",
        "cuit":"44897741654",
        "titularidad": null,
        "transferencia": null,
        "adquirencia": null,
        "emitirCertificado": true,
        "email":""
    },
    {
        "id": 3,
        "name": "Patricia, Bonaldy",
        "cuit":"27954448776",
        "titularidad": null,
        "transferencia": null,
        "adquirencia": null,
        "emitirCertificado": true,
        "email":""
    },
    {
        "id": 4,
        "name": "Andrea Gomez",
        "cuit":"27239605899",
        "titularidad": null,
        "transferencia": null,
        "adquirencia": null,
        "emitirCertificado": true,
        "email":""
    }
]